{
  "sharpe_ratio": 0.00020965915573074992,
  "sortino_ratio": 0.00011102477828934948,
  "max_drawdown": 0.0006543751607080759,
  "max_drawdown_duration": 434,
  "cagr": 0.0,
  "calmar_ratio": 0.0,
  "alpha": 0.0,
  "beta": 0.0,
  "information_ratio": 0.0,
  "ann_vol": 0.00041940797330265847,
  "avg_exposure": -0.0006158908098145982,
  "avg_gross_exposure": 0.0011217744508267185,
  "max_gross_exposure": 0.015401247732125749,
  "max_net_exposure": 0.00700127062795408,
  "exposure_std": 0.0018595697442136251,
  "gross_exposure_std": 0.0032927520584825707,
  "total_turnover": 434236.9100000001,
  "turnover_per_day": 711.8637868852461,
  "traded_days": 87,
  "num_trades": 0,
  "avg_trade_notional": 0.0,
  "win_rate": 0.0,
  "total_realized_pnl": 0.0,
  "final_equity": 15000000.0,
  "sharpe_ratio_se": 0.7061293146692641,
  "sharpe_ratio_tstat": 0.0002969132584857347,
  "sharpe_ratio_ci_low": -1.383803797596027,
  "sharpe_ratio_ci_high": 1.3842231159074885,
  "sharpe_hac_lags": 10.0,
  "reality_check_p_value": 1.0,
  "bootstrap_samples": 3500,
  "borrow_cost_total": 0.0,
  "commission_total": 4.0405,
  "slippage_total": 0.0,
  "run_id": "2025-12-21T21-28-14Z-33c9c2a"
}
