{
  "sharpe_ratio": 0.03160770657156203,
  "sortino_ratio": 0.023933122268335535,
  "max_drawdown": 0.08333206879980044,
  "max_drawdown_duration": 697,
  "cagr": 0.00045001206775951985,
  "calmar_ratio": 0.0054002267583280915,
  "alpha": 0.0,
  "beta": 0.0,
  "information_ratio": 0.0,
  "ann_vol": 0.040422477002784916,
  "avg_exposure": 0.07981243825535322,
  "avg_gross_exposure": 0.10058974066772731,
  "max_gross_exposure": 0.16552116333885866,
  "max_net_exposure": 0.16552116333885866,
  "exposure_std": 0.06684723769360078,
  "gross_exposure_std": 0.03965413301808452,
  "total_turnover": 32836266.723699994,
  "turnover_per_day": 21674.103447986796,
  "traded_days": 1421,
  "num_trades": 138,
  "avg_trade_notional": 237943.96176594205,
  "win_rate": 0.421875,
  "total_realized_pnl": -598505.6442649211,
  "final_equity": 15040627.237000003,
  "sharpe_ratio_se": 0.38226562531292246,
  "sharpe_ratio_tstat": 0.08268519186282569,
  "sharpe_ratio_ci_low": -0.7176329190417661,
  "sharpe_ratio_ci_high": 0.78084833218489,
  "sharpe_hac_lags": 10.0,
  "reality_check_p_value": 0.9959020489755123,
  "bootstrap_samples": 20000,
  "borrow_cost_total": 0.0,
  "commission_total": 243.65150000000008,
  "slippage_total": 0.0,
  "run_id": "2025-12-26T17-21-39Z-75ce3c8",
  "spa_status": "ok"
}
