{
  "sharpe_ratio": 0.3976489617919442,
  "sortino_ratio": 0.34641002588673214,
  "max_drawdown": 0.8234601134841771,
  "max_drawdown_duration": 1521,
  "cagr": 0.03307175805731388,
  "calmar_ratio": 0.04016194289894936,
  "alpha": 0.0,
  "beta": 0.0,
  "information_ratio": 0.0,
  "ann_vol": 0.7334292726400631,
  "avg_exposure": 1.0214635983179028,
  "exposure_std": 1.5146858908688015,
  "total_turnover": 1837084905.02328,
  "turnover_per_day": 422999.0571087451,
  "traded_days": 2909,
  "num_trades": 0,
  "avg_trade_notional": 0.0,
  "win_rate": 0.0,
  "total_realized_pnl": 0.0,
  "final_equity": 26279548.620400004,
  "sharpe_ratio_se": 0.1942243583478807,
  "sharpe_ratio_tstat": 2.0473691620064667,
  "sharpe_ratio_ci_low": 0.016969219430097993,
  "sharpe_ratio_ci_high": 0.7783287041537904,
  "sharpe_hac_lags": 10.0,
  "reality_check_p_value": 0.9856271864067966,
  "bootstrap_samples": 50000,
  "run_id": "2025-11-21T00-28-22Z-54912a8"
}
