{
  "sharpe_ratio": 0.00021016900911070792,
  "sortino_ratio": 0.00011223501024099731,
  "max_drawdown": 0.0006699731080353877,
  "max_drawdown_duration": 435,
  "cagr": 0.0,
  "calmar_ratio": 0.0,
  "alpha": 0.0,
  "beta": 0.0,
  "information_ratio": 0.0,
  "ann_vol": 0.00042042741367645785,
  "avg_exposure": -0.000614867046892748,
  "avg_gross_exposure": 0.001123556548582428,
  "max_gross_exposure": 0.015401247732125749,
  "max_net_exposure": 0.00700127062795408,
  "exposure_std": 0.0018565552065239069,
  "gross_exposure_std": 0.0032890641805877383,
  "total_turnover": 434236.9100000001,
  "turnover_per_day": 711.8637868852461,
  "traded_days": 88,
  "num_trades": 15,
  "avg_trade_notional": 28949.12733333334,
  "win_rate": 0.42857142857142855,
  "total_realized_pnl": -8275.198379381973,
  "final_equity": 15000000.0,
  "sharpe_ratio_se": 0.7110795394106687,
  "sharpe_ratio_tstat": 0.00029556329139338283,
  "sharpe_ratio_ci_low": -1.3935057282357999,
  "sharpe_ratio_ci_high": 1.3939260662540214,
  "sharpe_hac_lags": 10.0,
  "reality_check_p_value": 1.0,
  "bootstrap_samples": 3500,
  "borrow_cost_total": 0.0,
  "commission_total": 4.0405,
  "slippage_total": 0.0,
  "run_id": "2025-12-23T20-19-56Z-7ca855f",
  "spa_status": "degenerate",
  "spa_skip_reason": "all strategies have zero variance"
}
