{
  "sharpe_ratio": 0.27180565457036393,
  "sortino_ratio": 0.20656634302349197,
  "max_drawdown": 0.03408901931647942,
  "max_drawdown_duration": 309,
  "cagr": 0.007179988214360611,
  "calmar_ratio": 0.21062466325892923,
  "alpha": 0.0,
  "beta": 0.0,
  "information_ratio": 0.0,
  "ann_vol": 0.027748713434583856,
  "avg_exposure": 0.06385896799765901,
  "avg_gross_exposure": 0.09962330939506898,
  "max_gross_exposure": 0.161928485789306,
  "max_net_exposure": 0.161928485789306,
  "exposure_std": 0.059843807431183754,
  "gross_exposure_std": 0.04221845878888296,
  "total_turnover": 14748925.21,
  "turnover_per_day": 21130.265343839543,
  "traded_days": 670,
  "num_trades": 64,
  "avg_trade_notional": 230451.95640624998,
  "win_rate": 0.4482758620689655,
  "total_realized_pnl": -363231.07879186294,
  "final_equity": 15300210.293,
  "sharpe_ratio_se": 0.5986666318596654,
  "sharpe_ratio_tstat": 0.45401838035642916,
  "sharpe_ratio_ci_low": -0.9015809438745801,
  "sharpe_ratio_ci_high": 1.445192253015308,
  "sharpe_hac_lags": 10.0,
  "reality_check_p_value": 0.9881309345327336,
  "bootstrap_samples": 8000,
  "borrow_cost_total": 0.0,
  "commission_total": 124.68350000000004,
  "slippage_total": 0.0,
  "run_id": "2026-01-25T22-58-24Z-4d08d18",
  "spa_status": "ok"
}
