{
  "sharpe_ratio": 0.0001755573933185451,
  "sortino_ratio": 7.784495949023354e-05,
  "max_drawdown": 0.0006543751607080759,
  "max_drawdown_duration": 694,
  "cagr": 0.0,
  "calmar_ratio": 0.0,
  "alpha": 0.0,
  "beta": 0.0,
  "information_ratio": 0.0,
  "ann_vol": 0.00035118986469841965,
  "avg_exposure": -0.00043183148734127013,
  "avg_gross_exposure": 0.0007865315114991935,
  "max_gross_exposure": 0.015401247732125749,
  "max_net_exposure": 0.00700127062795408,
  "exposure_std": 0.0015824212671477576,
  "gross_exposure_std": 0.002804584235892248,
  "total_turnover": 434236.9100000001,
  "turnover_per_day": 499.12288505747136,
  "traded_days": 87,
  "num_trades": 0,
  "avg_trade_notional": 0.0,
  "win_rate": 0.0,
  "total_realized_pnl": 0.0,
  "final_equity": 15000000.0,
  "sharpe_ratio_se": 0.5912750217218941,
  "sharpe_ratio_tstat": 0.0002969132584144886,
  "sharpe_ratio_ci_low": -1.1587234851815937,
  "sharpe_ratio_ci_high": 1.159074599968231,
  "sharpe_hac_lags": 10.0,
  "reality_check_p_value": 1.0,
  "bootstrap_samples": 5000,
  "borrow_cost_total": 0.0,
  "commission_total": 4.0405,
  "slippage_total": 0.0,
  "run_id": "2025-12-21T06-06-35Z-0dbb291"
}
