sector,market_value,weight
CONSUMER,1185750.2578049998,1.140651900539794
TECH,474290.51933100016,0.4562515409310418
