{
  "sharpe_ratio": 0.30377398789017296,
  "sortino_ratio": 0.29810043816708737,
  "max_drawdown": 0.34789678888338293,
  "max_drawdown_duration": 189,
  "cagr": 0.04418501373494732,
  "calmar_ratio": 0.1270060982073577,
  "alpha": 0.0,
  "beta": 0.0,
  "information_ratio": 0.0,
  "ann_vol": 0.42450058691151255,
  "avg_exposure": -0.006300447409759962,
  "avg_gross_exposure": 1.7673126137018964,
  "max_gross_exposure": 4.189993672778427,
  "max_net_exposure": 1.6352174184360158,
  "exposure_std": 0.5031668374321006,
  "gross_exposure_std": 1.669375187300559,
  "total_turnover": 19867084.228728,
  "turnover_per_day": 87907.45233950442,
  "traded_days": 125,
  "num_trades": 0,
  "avg_trade_notional": 0.0,
  "win_rate": 0.0,
  "total_realized_pnl": 0.0,
  "final_equity": 1039537.3533712291,
  "sharpe_ratio_se": 1.0490954343491368,
  "sharpe_ratio_tstat": 0.289558011544141,
  "sharpe_ratio_ci_low": -1.7524530634341353,
  "sharpe_ratio_ci_high": 2.360001039214481,
  "sharpe_hac_lags": 5.0,
  "reality_check_p_value": 1.0,
  "bootstrap_samples": 4000,
  "borrow_cost_total": 22849.935185315873,
  "commission_total": 243.38949999999997,
  "slippage_total": 0.0
}