{
  "sharpe_ratio": -0.6630196824792787,
  "sortino_ratio": -0.5401763378256165,
  "max_drawdown": 0.17261484941439728,
  "max_drawdown_duration": 327,
  "cagr": -0.07061591046606641,
  "calmar_ratio": -0.40909522387925307,
  "alpha": 0.0,
  "beta": 0.0,
  "information_ratio": 0.0,
  "ann_vol": 0.10250255980248224,
  "avg_exposure": 0.14990828247650842,
  "exposure_std": 0.2651985446268198,
  "total_turnover": 1211971.8447709999,
  "turnover_per_day": 2448.427969234343,
  "traded_days": 342,
  "num_trades": 4,
  "avg_trade_notional": 302992.96119274996,
  "win_rate": 0.0,
  "total_realized_pnl": -133892.2864115494,
  "final_equity": 866016.8681889998,
  "sharpe_ratio_se": 0.6857998763860693,
  "sharpe_ratio_tstat": -0.9667830300191442,
  "sharpe_ratio_ci_low": -2.007187440195975,
  "sharpe_ratio_ci_high": 0.6811480752374173,
  "sharpe_hac_lags": 5.0
}