sector,market_value,weight
CONSUMER,1152237.438407,1.1902516255351692
TECH,901138.9470279999,0.9308689865311112
HEALTH,-813277.2622679999,-0.8401086018898779
