sector,market_value,weight
INDUSTRIALS,-1027875.885808,-0.9596772051250455
HEALTH,852989.884033,0.7963947391033881
TECH,-222311.20400899998,-0.20756104689004506
