sector,market_value,weight
ENERGY,1143721.478544,1.1265172077446537
HEALTH,-590859.677088,-0.581971752816457
TECH,225336.2858500001,0.22194669620303675
