sector,market_value,weight
HEALTH,817555.1532,0.8615982796233048
INDUSTRIALS,-786938.421108,-0.8293321706092484
TECH,90319.1238060001,0.09518477301958495
