sector,market_value,weight
HEALTH,497251.123115,0.6171015732023658
TECH,-349143.0964559999,-0.4332956610455234
ENERGY,-38583.183821,-0.0478827343535002
