sector,market_value,weight
TECH,171.33497,0.0001978425320493963
