{
  "sharpe_ratio": 0.45520414749033733,
  "sortino_ratio": 0.49728750478596684,
  "max_drawdown": 0.9320150054268082,
  "max_drawdown_duration": 867,
  "cagr": -0.012539752694956996,
  "calmar_ratio": -0.013454453653580958,
  "alpha": 0.0,
  "beta": 0.0,
  "information_ratio": 0.0,
  "ann_vol": 1.022084033672069,
  "avg_exposure": 2.021690203053045,
  "exposure_std": 1.8031562623607917,
  "total_turnover": 2229998821.1521,
  "turnover_per_day": 814760.256175411,
  "traded_days": 2541,
  "num_trades": 0,
  "avg_trade_notional": 0.0,
  "win_rate": 0.0,
  "total_realized_pnl": 0.0,
  "final_equity": 13078810.7073,
  "sharpe_ratio_se": 0.2732340419313726,
  "sharpe_ratio_tstat": 1.6659862155999934,
  "sharpe_ratio_ci_low": -0.08033457469515293,
  "sharpe_ratio_ci_high": 0.9907428696758276,
  "sharpe_hac_lags": 10.0,
  "reality_check_p_value": 0.9080528131319138,
  "bootstrap_samples": 25200
}