sector,market_value,weight
ENERGY,-1042105.688592,-1.1050301009507706
CONSUMER,849535.0817580001,0.9008316981981309
TECH,336460.659444,0.35677682267880906
