sector,market_value,weight
CONSUMER,801464.982029,0.955915659104302
TECH,473239.986838,0.5644382774996766
