{
  "sharpe_ratio": 0.22335065833918283,
  "sortino_ratio": 0.19894105821789973,
  "max_drawdown": 0.34789678888338293,
  "max_drawdown_duration": 322,
  "cagr": 0.010696001956304269,
  "calmar_ratio": 0.030744756198050543,
  "alpha": 0.0,
  "beta": 0.0,
  "information_ratio": 0.0,
  "ann_vol": 0.4144209002326916,
  "avg_exposure": 0.15836197108367242,
  "exposure_std": 0.5798471020142836,
  "total_turnover": 28525695.104399003,
  "turnover_per_day": 79458.76073648747,
  "traded_days": 178,
  "num_trades": 0,
  "avg_trade_notional": 0.0,
  "win_rate": 0.0,
  "total_realized_pnl": 0.0,
  "final_equity": 1015272.0887715423,
  "sharpe_ratio_se": 0.8004216986377439,
  "sharpe_ratio_tstat": 0.27904123378877466,
  "sharpe_ratio_ci_low": -1.3454758709907952,
  "sharpe_ratio_ci_high": 1.792177187669161,
  "sharpe_hac_lags": 5.0
}